requests_per_minute,failed_logins,unique_paths,post_get_ratio,suspicious_keywords,label
51,2,14,0.36681754108340137,1,0
60,3,12,0.7051210360667093,1,0
30,3,10,0.12332179003190934,1,0
50,3,16,0.7161716181545806,1,0
47,2,17,0.4994321923273368,0,0
38,2,11,0.6684153771686816,1,0
12,3,19,0.6681685921846258,0,0
44,3,6,0.5088876537111376,1,0
67,1,7,0.6562802924902905,1,0
28,3,11,0.09730272407324835,0,0
9,0,14,0.5941528956937565,1,0
9,0,11,0.46773436048310957,0,0
62,0,11,0.36511659091165927,1,0
48,2,13,0.49479689178377173,1,0
34,1,3,0.5397794578081555,0,0
51,1,13,0.619231789221217,0,0
53,2,17,0.6407951304463013,0,0
63,3,11,0.3780960319407473,1,0
67,0,7,0.7258489966009812,1,0
17,1,3,0.5173632369047232,0,0
30,3,14,0.7249879459911021,0,0
33,1,13,0.48736990654776363,1,0
67,0,12,0.09087176115732477,1,0
10,2,18,0.38735292881753586,0,0
44,2,17,0.15135566797277789,0,0
57,1,12,0.16470931359589497,0,0
47,0,7,0.7149288471869719,0,0
44,2,17,0.12673434850564996,0,0
56,3,18,0.6075450095831714,1,0
79,2,7,0.6787655200738109,0,0
59,3,10,0.548274602606744,1,0
42,3,6,0.06427890585790254,0,0
49,0,6,0.7990838047319017,0,0
33,0,14,0.16934812312031294,0,0
58,0,8,0.6916811289734428,1,0
39,3,18,0.544526336042271,0,0
52,3,12,0.7090270376257397,1,0
32,1,12,0.6025969095871335,0,0
68,1,13,0.37667055676979017,0,0
20,1,13,0.5002001353634783,0,0
77,0,4,0.1952225861455441,0,0
43,3,3,0.4788667800653051,1,0
75,1,11,0.571378208501612,0,0
51,0,4,0.6374278215467113,0,0
29,3,18,0.5177046593146881,1,0
12,2,4,0.3173650673287299,0,0
32,0,9,0.1977658450647629,1,0
8,1,4,0.38583591631344855,0,0
52,3,11,0.39237865926163334,1,0
46,0,11,0.6408099016290669,0,0
30,2,3,0.3643734904720936,0,0
38,0,6,0.24233572767382333,0,0
66,3,7,0.539228910976705,0,0
44,3,14,0.40518613400418846,0,0
61,0,19,0.7161037515203127,0,0
8,0,5,0.24761242706776615,1,0
45,0,9,0.7674249328134923,1,0
72,1,11,0.6322986716981488,0,0
23,2,2,0.70408176856684,0,0
47,3,16,0.6056861851793378,0,0
62,0,8,0.7130502434189566,1,0
60,2,14,0.5859809191488572,0,0
69,1,7,0.34546712760166315,0,0
74,0,10,0.39789128919741357,1,0
48,2,5,0.6236505434281044,1,0
5,3,14,0.5708899247084147,1,0
46,0,19,0.4776046108119719,1,0
69,0,10,0.39207364952096574,1,0
23,0,18,0.5915598620309458,0,0
73,3,13,0.6323756347067233,0,0
28,2,13,0.30782334900312686,1,0
60,1,2,0.09507790356837027,1,0
60,2,7,0.07093477639163144,1,0
39,0,13,0.45958543114137346,0,0
46,1,15,0.4079324484992919,1,0
75,1,17,0.20142075387345876,1,0
37,2,8,0.1273807434603519,1,0
48,3,4,0.11573629149373053,0,0
73,2,6,0.11087451403243219,1,0
14,0,10,0.6727744599630492,0,0
78,3,8,0.35059171856898813,0,0
57,1,18,0.4408441613949508,0,0
71,1,11,0.7728324111643217,1,0
39,1,4,0.15917780408470988,0,0
22,2,8,0.7660200823021827,1,0
78,3,18,0.32888540897577784,1,0
42,0,11,0.4034696468211991,1,0
57,0,2,0.1257276926313019,0,0
21,1,9,0.6145136515542045,0,0
13,0,13,0.7569010400127678,1,0
31,3,4,0.7147217135936992,1,0
39,0,9,0.2481995311144401,0,0
23,0,9,0.4031844772961516,0,0
10,0,4,0.6590505419370967,0,0
74,2,3,0.6235532982415609,1,0
49,1,19,0.12992695930072684,1,0
43,3,12,0.7121178894080815,1,0
53,0,18,0.7514009789327005,0,0
30,1,15,0.3597192569319569,1,0
14,0,14,0.3337474006331927,1,0
77,1,10,0.6042219460970115,0,0
12,1,16,0.506461954859755,0,0
23,0,13,0.23436668553103768,1,0
26,3,10,0.22801967591028327,1,0
27,0,12,0.3397271583303429,0,0
46,3,13,0.0500104080460491,0,0
34,0,19,0.5102705106506412,1,0
5,2,11,0.24482017120914262,1,0
9,0,4,0.3485331264540818,0,0
45,2,17,0.3544152246007876,1,0
59,0,19,0.09903828299642996,0,0
58,2,15,0.5615638564274803,1,0
12,1,18,0.5492581046656191,0,0
71,1,17,0.08382180395240212,1,0
49,0,17,0.4660297034178352,0,0
29,1,12,0.559266227417737,1,0
11,0,16,0.4445862943237871,1,0
17,3,8,0.3053616965982912,1,0
46,1,7,0.4209959679350853,0,0
79,1,9,0.17773669552695065,0,0
62,3,8,0.5877510196542544,0,0
74,0,18,0.383757529768272,1,0
74,2,4,0.6784261135422611,0,0
36,1,12,0.15946623991230097,0,0
54,3,2,0.6886328734040845,0,0
17,1,13,0.7469129958899933,1,0
43,2,2,0.6761681285543022,0,0
51,1,16,0.05163205218245075,0,0
6,0,14,0.14163962994246654,1,0
50,0,7,0.305213047879765,0,0
19,2,18,0.6184679587874979,1,0
58,0,15,0.7209494945593201,1,0
35,2,14,0.18831984718222405,0,0
69,0,13,0.633136210464175,0,0
22,2,16,0.3612027035933543,1,0
56,1,12,0.2309451004752892,1,0
28,3,3,0.30511505215615814,1,0
59,3,13,0.075797656088311,1,0
29,3,8,0.08674175007658454,0,0
72,2,19,0.5421501147856379,1,0
21,3,13,0.32411599251866835,1,0
17,2,7,0.4940619320570233,0,0
42,2,9,0.05840128988625347,1,0
10,1,14,0.10364938240694306,1,0
75,3,15,0.5875339345075723,0,0
25,2,5,0.7452222313293958,1,0
58,1,4,0.5141118598725773,0,0
76,1,18,0.6303659863759552,0,0
20,3,19,0.11758510110270216,0,0
17,3,5,0.05603406515170013,1,0
9,1,4,0.19960864111827453,0,0
12,3,2,0.6169151680047514,0,0
7,0,18,0.3881087742653275,0,0
72,2,13,0.3617454789064803,1,0
49,3,3,0.5876318360630568,1,0
69,0,11,0.17340627391618274,1,0
77,2,5,0.6602527389030678,1,0
36,3,10,0.5333890628651607,0,0
42,2,16,0.5172462311666864,0,0
11,3,8,0.320965436230627,1,0
77,1,19,0.6835926124695153,0,0
78,0,19,0.20916384370739682,0,0
77,1,11,0.2655127663801162,0,0
61,0,4,0.35199161794501027,1,0
62,0,11,0.4051643316334857,1,0
35,2,3,0.19896945618162937,1,0
5,0,4,0.6259430374840864,0,0
37,2,18,0.5880731849397527,0,0
35,0,6,0.33118399321751407,1,0
69,2,12,0.38889579176863376,0,0
45,1,16,0.31501543219154293,0,0
56,0,19,0.3432189625833815,1,0
45,3,10,0.5341914043803354,1,0
52,1,4,0.0580723067070462,1,0
47,2,13,0.6231170343891133,1,0
51,3,6,0.3326744511312379,0,0
76,1,19,0.7271678216531995,0,0
71,2,2,0.24849559630943086,1,0
54,2,16,0.3775560121927471,1,0
68,0,7,0.7927677175159183,0,0
51,3,15,0.24623786247489182,1,0
51,3,8,0.29217637816421366,0,0
22,3,12,0.7094485346024686,1,0
66,1,11,0.6425136790962663,0,0
71,0,18,0.17613320631088852,0,0
22,3,11,0.7877159288075074,0,0
20,3,12,0.611417145338571,1,0
30,0,5,0.11913330789296796,0,0
8,2,4,0.454200552578335,1,0
44,1,10,0.5538524450838076,0,0
44,1,9,0.7848266222609686,0,0
66,0,17,0.3479129381759976,0,0
23,1,12,0.43888983564733847,1,0
54,2,10,0.16018375526070489,1,0
46,2,3,0.41216007822748685,0,0
27,3,8,0.40044437825038104,1,0
41,1,5,0.17425704999782732,0,0
62,3,4,0.0567690717492557,0,0
78,0,12,0.3636712370128267,1,0
11,3,12,0.3718589199488021,1,0
27,0,17,0.18007073132299561,1,0
54,1,16,0.6344594208351242,0,0
29,2,12,0.0677438167346673,0,0
28,1,17,0.6560208384597604,0,0
50,2,4,0.3571728161612187,0,0
8,1,3,0.7693234271427449,0,0
42,3,10,0.38356838366854457,1,0
15,3,12,0.6515601308853496,1,0
26,0,19,0.3788524456730135,1,0
28,3,7,0.3849118289939412,0,0
71,0,10,0.2156071015872833,0,0
69,1,18,0.434247711691245,1,0
19,1,12,0.22034908911189038,1,0
17,2,10,0.36916628036914845,1,0
66,0,11,0.15176019739083152,0,0
40,0,18,0.26956933116738424,0,0
31,1,6,0.6328916028422717,0,0
57,0,10,0.25870029754031315,0,0
57,1,15,0.1904670169978338,0,0
22,2,6,0.658263875393515,1,0
9,3,4,0.47127707804892455,0,0
65,3,11,0.43520197132081334,1,0
35,0,3,0.6409091416948699,1,0
45,1,16,0.6397265891769619,0,0
48,1,4,0.0633878546858463,0,0
68,2,12,0.6924755654360666,1,0
31,0,4,0.7567032749346121,0,0
36,3,14,0.456821227223026,0,0
14,1,9,0.61524835430835,0,0
18,0,3,0.6522723819989036,0,0
50,2,11,0.08084244356586893,1,0
58,0,5,0.2723533757518017,0,0
71,3,5,0.5271488039063138,0,0
9,3,18,0.7856558364201508,0,0
26,1,8,0.5764726396683799,0,0
37,3,3,0.4450449890755784,1,0
54,2,8,0.11648024539766348,1,0
67,3,17,0.15281497625669388,1,0
39,3,13,0.40279135538375416,0,0
78,3,10,0.30695040686452496,1,0
16,1,12,0.32402508383454726,1,0
53,2,7,0.5026356494151082,1,0
56,2,16,0.7633132816701991,0,0
73,1,5,0.5369176370386993,0,0
12,0,10,0.32894888080915874,0,0
68,0,8,0.37460372300196804,0,0
13,2,12,0.5235461736830592,1,0
75,0,3,0.48325441926959606,0,0
46,1,3,0.4719078903911208,1,0
34,3,7,0.6762530665370245,0,0
35,3,4,0.11844577079775105,1,0
36,3,7,0.6829986753774026,0,0
50,3,2,0.401213866763736,1,0
77,1,19,0.627554598907829,0,0
31,1,16,0.4465891725004946,0,0
25,2,2,0.6789865685187996,1,0
30,1,8,0.763603898972821,1,0
36,2,12,0.4763195212372437,0,0
14,1,8,0.3557482533585868,1,0
56,0,6,0.14938805961028767,0,0
32,2,5,0.7058921911470406,1,0
44,3,11,0.6242983428526551,0,0
37,0,15,0.14946898163256972,1,0
5,3,11,0.7306328333107557,1,0
70,0,4,0.251672729251712,1,0
67,3,7,0.4801492308327234,1,0
53,0,6,0.6695522463284838,1,0
26,2,6,0.40170570717927784,0,0
40,3,18,0.75594845663935,1,0
7,3,5,0.29484112792923006,0,0
53,3,8,0.4942983634103742,1,0
37,3,13,0.0802888681900659,0,0
54,2,9,0.5803780055917693,0,0
23,0,13,0.6424721593617363,0,0
32,2,16,0.6621798440233165,0,0
79,3,14,0.5978922628934585,1,0
71,2,15,0.37066920409161047,0,0
60,1,15,0.7419404881377449,0,0
11,3,8,0.1673215022464547,1,0
57,1,12,0.09351786597060098,1,0
13,0,17,0.12152584823573627,1,0
25,2,14,0.7717230335357248,1,0
50,0,9,0.5370535633312226,1,0
60,2,18,0.5991066578685648,0,0
36,2,13,0.404563558334287,0,0
29,2,7,0.5449589661878048,1,0
40,1,19,0.7550493788097359,0,0
55,1,11,0.7959192156445957,0,0
68,2,4,0.1573913117481165,1,0
62,1,2,0.3201486586249947,1,0
19,2,18,0.24617366528148193,1,0
63,0,2,0.7917777983729577,0,0
16,0,11,0.4823161126414221,1,0
65,0,18,0.31130940901780907,1,0
30,3,19,0.5229830251957881,1,0
46,0,13,0.2638567082214557,0,0
30,1,17,0.31322483135268103,1,0
16,1,11,0.11205746792435291,1,0
42,3,16,0.4412432795359388,1,0
34,0,12,0.2403390479393801,1,0
9,3,10,0.17336164103181967,1,0
62,2,13,0.7152384912163534,0,0
24,0,13,0.21011057447754478,1,0
8,0,7,0.17785690650548253,0,0
51,0,6,0.6116211770710887,1,0
39,3,18,0.06322407157644801,0,0
69,2,9,0.3277582884073423,1,0
12,0,19,0.4904284671865503,1,0
50,1,6,0.6291045057086182,0,0
12,0,12,0.15203146770440396,1,0
32,0,3,0.6691209126202765,1,0
20,2,19,0.2967265484131142,0,0
69,3,6,0.4045889729121584,0,0
38,3,10,0.17925251549363025,0,0
56,0,19,0.793966855317296,1,0
47,3,16,0.617409564241099,0,0
55,3,18,0.2647479010053507,1,0
26,2,3,0.09743820440422231,0,0
31,1,11,0.13487876417714323,1,0
51,0,17,0.7149116174153932,0,0
28,0,8,0.4728398779074897,0,0
10,1,13,0.31900681384580176,1,0
37,2,8,0.6946086503799294,0,0
47,3,13,0.2730968621112295,0,0
36,3,15,0.60217136048885,1,0
78,2,5,0.7452285151038972,1,0
66,1,14,0.46664284988882415,1,0
30,2,3,0.16622173881850627,1,0
17,1,16,0.28211849417417517,0,0
55,0,9,0.6194905814815572,0,0
28,0,6,0.3185394194751566,0,0
32,3,17,0.5329495908042726,0,0
13,3,15,0.7063702721112612,1,0
27,0,19,0.6580851806156398,1,0
61,2,11,0.09827086684442148,1,0
34,1,15,0.3225006381122298,0,0
11,3,9,0.5682943080288583,1,0
42,0,10,0.45647780297863955,0,0
10,3,9,0.23241067603647653,1,0
35,2,5,0.30332627031623743,1,0
14,2,11,0.39934810928061076,1,0
36,0,13,0.601978527552804,1,0
14,0,2,0.5114352751289934,1,0
60,2,9,0.5975133554047996,1,0
74,1,3,0.7900407957521666,0,0
74,2,12,0.501446189614436,0,0
42,1,19,0.5587589331108734,1,0
55,1,8,0.34962094679283773,0,0
49,0,19,0.39425230809860906,1,0
57,0,2,0.2885849649516412,0,0
76,2,2,0.7204149036816994,0,0
71,0,13,0.3755984411271001,1,0
46,3,14,0.7009023939944573,0,0
40,3,2,0.06985968605629934,0,0
29,1,4,0.6034681513813147,1,0
13,3,19,0.3085180116699679,1,0
52,1,8,0.5180690044574543,1,0
70,2,12,0.3541929795939665,1,0
5,0,16,0.06389852065162567,1,0
28,2,11,0.6370078897607863,0,0
37,3,11,0.08175796176163423,0,0
75,3,2,0.31390565033248347,0,0
21,2,11,0.5721115602280578,1,0
7,0,7,0.527666482244953,1,0
65,0,12,0.7192028682432715,1,0
25,0,8,0.23883563575475292,0,0
49,0,15,0.7492886965112074,1,0
45,0,6,0.08567169529061285,1,0
7,2,18,0.6907931923551173,0,0
48,1,5,0.591641436578666,0,0
50,0,17,0.3235438075068917,0,0
48,2,15,0.6317871866137517,0,0
77,2,18,0.7814497104989419,1,0
55,1,13,0.31866775641252704,1,0
35,0,4,0.12578467464046733,0,0
7,0,13,0.5840137723812838,1,0
10,3,12,0.45898862678279023,0,0
63,3,9,0.6248489478596819,1,0
27,0,6,0.39675437890511595,1,0
12,0,10,0.7784934933799326,0,0
31,0,13,0.7865456027760899,0,0
11,1,19,0.3482124724314731,0,0
65,3,6,0.7618015135899884,1,0
29,0,19,0.7004480513422011,1,0
28,0,16,0.6105238093792326,1,0
14,1,13,0.30253737044654877,1,0
5,1,18,0.5534736755069669,0,0
64,1,7,0.4801309458939917,0,0
8,1,2,0.4045297478446464,0,0
69,1,19,0.38240878244851567,0,0
5,2,2,0.18584547034699478,0,0
74,1,16,0.5841824054321564,0,0
45,3,15,0.06069294108520214,0,0
5,2,11,0.531008994215281,0,0
42,1,14,0.3723107734153908,1,0
6,1,17,0.3058805269773422,1,0
5,3,11,0.3043948855484218,1,0
65,1,2,0.28306546561242896,1,0
35,3,9,0.4903372525166196,0,0
30,3,4,0.36570448032779046,0,0
78,2,3,0.49503043022241433,1,0
18,2,18,0.6381470210127496,0,0
76,1,12,0.3811751282071544,1,0
68,1,7,0.28483942352191854,1,0
16,3,13,0.31771308266736814,1,0
27,1,19,0.6972193003428222,1,0
13,2,3,0.5627521999491054,0,0
59,2,7,0.7774075889172635,0,0
12,2,15,0.4683977114785008,0,0
16,2,16,0.6368862623959267,0,0
15,1,3,0.5736130373939166,1,0
52,2,4,0.4302724969369296,0,0
66,0,11,0.15853288311120567,0,0
15,1,12,0.6844948960672727,1,0
68,0,8,0.5445965365561346,1,0
26,2,2,0.15210892467801868,0,0
18,0,16,0.05355296344928033,0,0
79,0,4,0.4171885918243702,0,0
54,3,14,0.1512778095221346,0,0
33,1,9,0.22816303913108216,0,0
54,3,9,0.20956926107950985,0,0
22,3,7,0.4544537412499849,0,0
58,0,5,0.3825976449671516,1,0
50,0,18,0.5057295625234804,0,0
21,3,18,0.39303618807802426,1,0
44,3,19,0.711273212150378,0,0
73,1,7,0.3091314611963532,1,0
6,3,17,0.60820166978751,0,0
51,3,17,0.6772331165597794,1,0
68,3,6,0.5828673622637511,1,0
8,0,17,0.734151894407612,1,0
55,1,9,0.153714153536671,0,0
7,0,6,0.3176086874335035,1,0
5,0,15,0.4391894796709456,0,0
55,1,2,0.680510530864812,0,0
12,0,5,0.729670440953186,0,0
21,1,13,0.062170285807245165,0,0
59,1,7,0.7997089506113475,0,0
44,1,8,0.6166970765785751,1,0
47,0,13,0.40810253676609637,1,0
44,2,18,0.175297447972237,0,0
62,0,5,0.7079325885302341,1,0
64,1,8,0.09869307279814508,1,0
30,3,13,0.1965764005045849,1,0
40,1,14,0.6390610777749628,0,0
31,1,12,0.7907787708130648,1,0
63,1,2,0.7950367108245038,0,0
35,1,12,0.28776400993479473,1,0
25,1,13,0.24588238649651062,0,0
41,3,12,0.32853376160031156,0,0
35,3,17,0.11479578713862011,1,0
30,0,16,0.2394802727351849,0,0
31,2,2,0.3667472675541548,0,0
8,3,4,0.5877194423580437,1,0
26,1,7,0.11175211317172463,0,0
51,3,14,0.20707073591065117,0,0
10,1,13,0.08504814654567354,1,0
49,1,11,0.0883970276913802,0,0
19,1,5,0.5403628916284992,1,0
45,1,15,0.3041579060809903,1,0
38,3,10,0.17520917048694828,0,0
71,2,19,0.39080161778252404,1,0
66,0,13,0.4558257262570388,1,0
37,1,6,0.06568679278035884,1,0
53,2,4,0.7008738731065242,0,0
41,3,15,0.49311179086601103,0,0
40,3,4,0.7962745531564764,0,0
15,0,9,0.44964756511986426,1,0
76,1,5,0.6597777185866001,0,0
33,3,5,0.13331585141569918,0,0
24,0,16,0.3990916500523209,0,0
49,1,11,0.3416697919052479,1,0
67,1,7,0.5364556065835353,1,0
77,3,11,0.10489461318736425,0,0
42,2,18,0.4729048212596727,1,0
70,1,19,0.7240069321005949,1,0
30,0,13,0.5623962910462974,0,0
42,2,12,0.12753417504237446,0,0
61,2,2,0.12888996706517997,0,0
44,0,14,0.5153858321044196,1,0
51,3,16,0.7774265361227284,0,0
45,1,14,0.07067707558889082,1,0
56,0,11,0.08182604945505777,0,0
41,2,6,0.7300265332381113,0,0
33,0,4,0.3845427670708556,0,0
43,0,7,0.3113381220157835,1,0
25,2,18,0.09618142922365679,0,0
70,3,17,0.4855293967094552,1,0
38,0,10,0.793303040334505,1,0
20,2,10,0.6207333941692867,1,0
54,3,9,0.7834009863666027,1,0
9,1,10,0.39580118061452446,0,0
14,1,11,0.4715190501517917,1,0
47,0,8,0.11845436801621594,1,0
67,3,6,0.3052720414965608,1,0
57,3,19,0.6885690580875944,1,0
47,1,9,0.5993328242665155,0,0
62,3,2,0.19143837891289794,1,0
19,3,8,0.5951129501754467,0,0
36,2,10,0.6375784927371241,0,0
27,3,16,0.23879892052817658,0,0
46,2,15,0.2028993509902124,0,0
10,0,19,0.1014914694939179,0,0
47,0,5,0.3480927219535241,1,0
78,2,13,0.5638283162108693,1,0
39,0,17,0.09091786467500056,0,0
53,1,19,0.5230304700572377,0,0
55,3,15,0.3853393888751531,0,0
68,1,7,0.3385740651288485,1,0
77,1,3,0.2055845075041809,0,0
20,1,17,0.5033363569868912,1,0
78,2,2,0.7786211553479837,0,0
19,2,19,0.5644430692929212,0,0
19,3,5,0.6889794114315623,0,0
33,1,12,0.7593647432634071,0,0
75,3,7,0.24967515211162877,1,0
34,0,9,0.5139507372382699,0,0
55,2,10,0.0732581090109624,1,0
7,3,15,0.3033054139635269,1,0
29,2,8,0.5314373555770917,1,0
33,2,3,0.7035060953264032,0,0
5,2,17,0.7651117504058118,0,0
70,2,9,0.6039396944480724,1,0
11,1,10,0.31931076411188936,1,0
49,3,16,0.15276603975056624,1,0
11,0,3,0.5307269244443089,1,0
37,0,12,0.3196350587996584,0,0
76,3,9,0.10410042829627798,0,0
62,0,19,0.10484980623101735,1,0
39,0,11,0.6350734321350112,0,0
71,1,15,0.6178854013592541,0,0
36,3,9,0.21908561395715137,1,0
78,0,17,0.12962579258028922,0,0
57,2,8,0.5409802923694815,1,0
22,1,9,0.6363405958217909,0,0
69,0,17,0.6968365101810696,0,0
42,1,6,0.38418882207294364,1,0
29,0,15,0.7652499240412511,0,0
21,0,5,0.32956126606483244,0,0
30,0,3,0.15168164625663644,0,0
30,3,8,0.7288985046830427,1,0
26,3,11,0.496226204253599,1,0
15,0,2,0.6494646930845988,1,0
57,1,6,0.12063830688353754,1,0
69,0,3,0.21522135275348397,0,0
8,1,18,0.5969268780065384,1,0
21,0,12,0.3160281287578008,1,0
39,2,15,0.7638359175460913,0,0
41,3,19,0.16971994161899456,1,0
72,1,6,0.38405834574310344,0,0
5,2,16,0.6149304638499066,1,0
45,1,2,0.1595710342205307,1,0
26,0,15,0.6722798165589493,1,0
17,0,11,0.7238750315441511,0,0
53,3,2,0.21550297388204248,0,0
35,2,17,0.48475189165510163,0,0
35,3,7,0.5848870939428212,0,0
52,1,6,0.10033619775142023,0,0
44,2,9,0.16522152632710896,1,0
31,2,14,0.6634895679467949,0,0
58,1,4,0.5498602151417771,0,0
15,1,12,0.14260806192862313,0,0
59,2,11,0.5124501658911357,1,0
5,3,2,0.7463582971547942,1,0
20,3,3,0.519350899677454,0,0
8,1,10,0.6942137750955868,0,0
54,3,19,0.07126713065368999,0,0
32,1,4,0.07421896197535714,0,0
19,1,12,0.3319925184853821,1,0
8,0,17,0.11795189172248542,0,0
56,2,19,0.7026162655851673,1,0
45,0,13,0.505464253873287,1,0
55,1,6,0.09082419383992572,0,0
40,2,14,0.43269416670062777,1,0
51,0,13,0.23135498906689594,1,0
10,1,13,0.717494658737989,1,0
70,1,6,0.49871015844212113,1,0
38,0,6,0.5650688438600754,0,0
27,1,7,0.6458746484055067,1,0
72,3,14,0.6179185489608812,0,0
5,0,4,0.39504304494101267,1,0
30,0,18,0.5863279183608652,0,0
53,0,4,0.48926994135916385,1,0
53,3,2,0.07294853543022893,1,0
27,3,12,0.34923363086413967,0,0
13,0,4,0.6112445361122578,0,0
5,1,9,0.6468561810799245,1,0
70,2,3,0.29208245085885737,1,0
15,2,19,0.3998205875364236,1,0
7,0,16,0.48771875964072003,0,0
62,3,7,0.20475842709501935,1,0
39,2,2,0.48144630933243365,0,0
43,1,17,0.7299210454895416,1,0
54,1,6,0.5372255178303829,1,0
34,1,11,0.522418556840926,0,0
32,0,8,0.768368626074868,0,0
36,1,16,0.19323186120263758,1,0
66,1,18,0.4544881109496407,1,0
49,3,12,0.657763270655862,1,0
68,2,15,0.33380062582853237,0,0
75,3,4,0.48948393630399495,1,0
11,3,9,0.18818868017726192,0,0
13,1,6,0.6939606733376689,0,0
58,0,9,0.5980534321056774,0,0
51,2,6,0.6992517451885486,0,0
19,3,14,0.24887025812598695,0,0
52,0,10,0.09134084234830599,1,0
38,0,16,0.4416264927083609,1,0
11,3,11,0.42830597658712233,1,0
77,1,3,0.34115033218853075,1,0
44,1,17,0.17633548282243344,1,0
63,2,7,0.6552478522037277,0,0
11,2,6,0.794491921294532,0,0
68,1,8,0.5441881665539485,1,0
29,2,17,0.09666281505640391,1,0
28,0,2,0.5778412532177633,0,0
22,2,5,0.6512856261936597,0,0
6,0,17,0.22315465665080403,1,0
63,3,12,0.30444017892618086,1,0
43,3,10,0.3851142420288985,1,0
39,0,11,0.08849332165811259,0,0
72,3,6,0.44058317769548655,0,0
35,2,7,0.15813569429353425,0,0
69,1,15,0.20092658996829288,1,0
45,2,14,0.30031664850714307,1,0
55,2,11,0.5479084803705092,0,0
41,2,11,0.20251968418399607,0,0
43,0,7,0.19551470787801345,0,0
48,1,3,0.23238019286920197,0,0
11,0,4,0.6874374123852908,0,0
29,2,8,0.4343010958525087,1,0
68,2,14,0.180798541887905,0,0
67,1,18,0.5074684213486979,1,0
17,3,11,0.34268205451435757,0,0
22,2,7,0.2325120034607382,0,0
15,0,17,0.5956676253870046,1,0
76,0,8,0.22167193300650034,0,0
34,0,18,0.7238821859592288,1,0
9,3,16,0.2098463510219476,0,0
32,3,2,0.197001515810296,1,0
25,3,16,0.68472094912573,0,0
65,0,8,0.4765549975642519,1,0
9,0,5,0.45768089973463716,1,0
75,1,5,0.7062764028020341,0,0
68,3,5,0.14145652074181392,1,0
65,3,19,0.3974915618873926,1,0
59,0,17,0.2283511597457049,1,0
28,3,9,0.18458524264127263,1,0
13,3,8,0.0716612512970848,0,0
75,2,10,0.3052215998854057,1,0
9,3,17,0.2745779244860594,1,0
43,3,7,0.6870651592278909,1,0
42,3,19,0.2923383189185202,1,0
57,2,7,0.7463360268812654,1,0
35,0,6,0.4483806868285762,1,0
38,3,2,0.1388276881858716,0,0
53,0,14,0.5112259741315359,1,0
28,2,9,0.5240710130179016,1,0
67,2,3,0.2457681907140305,1,0
13,1,19,0.5093583165264757,1,0
64,0,12,0.43833364788807366,1,0
74,0,5,0.603627965769474,1,0
41,1,7,0.43405351740311493,0,0
30,1,4,0.29679579389601246,1,0
40,0,7,0.624570477605005,1,0
42,1,16,0.559176872980339,0,0
78,2,8,0.7078410289960303,0,0
53,3,11,0.47616066442703997,1,0
70,1,16,0.5576592994700241,0,0
28,2,4,0.3064191559227649,1,0
50,0,17,0.5369376490452274,1,0
42,2,11,0.7164394666136913,0,0
33,2,5,0.18058539313271232,1,0
66,2,14,0.524707003145445,1,0
39,1,16,0.4888485684550135,0,0
7,2,16,0.3091800488875663,1,0
66,3,10,0.6957042353058178,0,0
74,2,15,0.14000400270283037,0,0
19,0,11,0.7343109937983855,0,0
41,0,16,0.5426861702887755,1,0
59,2,13,0.38183064700728814,0,0
18,2,17,0.20952513756752644,0,0
41,3,5,0.29400100389270056,1,0
25,3,4,0.3233279238087903,1,0
52,1,6,0.07835299266738678,1,0
72,1,7,0.27743013151961715,1,0
41,3,4,0.4374091874511042,1,0
60,1,3,0.23869470393318504,1,0
35,3,11,0.7212745668877656,1,0
76,1,14,0.5662216565172598,1,0
18,1,9,0.2212726443681089,1,0
36,0,6,0.5213959565722804,0,0
68,0,4,0.4514390287315391,1,0
55,3,9,0.578187944603702,0,0
65,0,9,0.19940463965446292,1,0
29,0,7,0.5124235830406109,0,0
9,1,15,0.5127118518125229,0,0
35,3,18,0.42928999398992884,0,0
35,2,14,0.3305450195866758,1,0
54,1,4,0.27401416399736145,1,0
79,2,14,0.15236304219893665,1,0
68,3,16,0.3145335745812235,0,0
46,3,18,0.3975491574784426,0,0
20,0,15,0.5483165928445097,0,0
19,2,5,0.1441679077773716,1,0
48,3,4,0.13232081848938299,1,0
60,1,9,0.6436434496327257,1,0
33,2,14,0.47967630085050056,1,0
62,2,19,0.5940374469397985,0,0
61,3,5,0.09549170776965894,0,0
10,2,12,0.5844638320232494,0,0
12,1,6,0.37984689833027707,0,0
78,1,13,0.6577016976446577,1,0
63,2,16,0.677746264524673,1,0
67,3,6,0.27371400203297486,0,0
75,1,14,0.4513721357215847,1,0
16,1,13,0.06110297264103036,1,0
63,1,17,0.17376606573887654,1,0
61,1,10,0.5748339679619675,0,0
24,2,9,0.10981203922808695,0,0
59,1,11,0.32458611004073185,1,0
7,3,13,0.5802362590567655,0,0
53,1,12,0.7124623675306344,1,0
79,3,12,0.22167824723552898,0,0
72,0,5,0.18278700412829235,0,0
60,0,12,0.4355102643981591,0,0
39,3,12,0.7641752772993402,0,0
58,1,16,0.645045409177441,0,0
16,1,9,0.0859931630627686,1,0
29,0,7,0.5776369887462194,1,0
38,1,3,0.367194364760735,1,0
19,0,9,0.3867280429314377,1,0
59,0,8,0.22477404543512558,0,0
41,3,6,0.47400692442288134,1,0
72,1,4,0.7368429419710277,0,0
44,0,4,0.6593309857732277,1,0
76,1,10,0.2560212286235888,0,0
6,3,19,0.4506277588207231,1,0
39,1,11,0.36533686200151677,1,0
44,1,15,0.6283956516376399,0,0
56,3,14,0.16321679950226864,0,0
70,0,8,0.1731683781171348,0,0
57,3,5,0.5285260596195863,1,0
54,0,15,0.6481992839998245,0,0
79,1,5,0.12861822503365655,1,0
47,2,13,0.31478529999706806,1,0
47,0,12,0.6408830184461183,1,0
28,0,7,0.7081763169306422,0,0
21,2,10,0.7107388609860087,0,0
55,3,6,0.5741731337310136,0,0
44,1,18,0.33554577474767816,1,0
25,2,8,0.5388271245957498,1,0
21,1,15,0.363881037275314,1,0
70,2,10,0.2930992817591882,0,0
9,1,7,0.6896330848588588,1,0
12,0,2,0.14934899328108198,1,0
36,1,18,0.7524175058093754,1,0
13,0,4,0.16547292433695326,0,0
38,3,7,0.0959415507430058,1,0
62,2,3,0.7230200989871844,0,0
48,3,7,0.7985587223882087,0,0
43,1,11,0.19170590522329872,0,0
50,2,15,0.4379552075536607,0,0
45,3,7,0.16054592028622544,0,0
66,0,13,0.53165322579941,1,0
19,3,6,0.2793125203503747,0,0
35,0,18,0.3712321937299846,1,0
34,0,16,0.38069292489581236,1,0
38,0,17,0.41137570756845404,1,0
18,3,6,0.43644054103731406,0,0
63,0,6,0.12351619391134595,1,0
20,0,9,0.3086954151955201,0,0
33,2,2,0.17498409639652934,1,0
28,1,5,0.6566519019531221,0,0
36,1,5,0.13162687491198194,1,0
29,0,13,0.23421873411695288,1,0
50,2,9,0.6880191999877397,1,0
39,0,14,0.30926201876409826,0,0
52,3,6,0.06134010491241844,1,0
13,3,13,0.4766936827584556,0,0
69,1,7,0.43776999163572977,0,0
38,2,3,0.2134215921190355,0,0
56,3,3,0.7154329810813842,1,0
63,1,3,0.5359606836338348,1,0
58,0,4,0.4503370522357213,1,0
65,2,2,0.5928721473864556,0,0
46,3,3,0.08641149118984433,0,0
79,0,17,0.1600974666632779,1,0
61,2,14,0.6935527930935874,1,0
45,3,18,0.25999126983604354,0,0
69,3,16,0.3985089357052682,1,0
11,3,10,0.3443034686281921,0,0
65,0,2,0.48946488591521914,1,0
39,2,9,0.6242242828245429,1,0
61,2,2,0.3219876016174344,1,0
19,2,6,0.6731371814218157,0,0
50,3,15,0.32040036608975736,1,0
15,2,7,0.28873491603465334,1,0
12,2,5,0.27312532683715485,1,0
70,0,17,0.4390288529352583,0,0
38,3,6,0.7125440887385963,1,0
18,3,4,0.7236238266660926,1,0
69,2,12,0.39072762356965346,1,0
41,3,18,0.4450742723522507,0,0
35,2,18,0.45883581956805025,0,0
42,2,2,0.5614227622760155,1,0
56,3,16,0.7007835939880325,0,0
13,3,13,0.6862058299479368,0,0
16,0,12,0.5671916961811697,1,0
25,3,18,0.12915645892210503,1,0
50,1,15,0.4260272077975194,0,0
38,0,18,0.06407404312196331,0,0
13,2,2,0.2563880998478042,1,0
68,0,3,0.3574132762380739,1,0
39,1,13,0.17342935016925898,0,0
32,0,14,0.7830914012857562,1,0
12,1,3,0.21145341931192146,0,0
46,2,14,0.2940419778817149,0,0
19,1,4,0.3453943266972814,0,0
13,3,15,0.6307571879621733,0,0
66,2,9,0.5134844576022739,1,0
24,1,6,0.0733221618883315,0,0
13,2,8,0.5202558309890721,1,0
72,3,10,0.061715082661034495,0,0
54,2,4,0.7849541582024387,1,0
24,0,5,0.3068916615571175,1,0
7,0,19,0.16874422191157235,0,0
55,3,11,0.7665307445505668,0,0
5,3,3,0.23518332113535412,0,0
47,0,18,0.7759369082712805,1,0
64,2,18,0.39660238097887035,1,0
65,2,18,0.519814720302768,0,0
60,0,13,0.6422533924306973,1,0
71,3,15,0.32950287116482363,0,0
7,0,10,0.4662044589131127,0,0
30,1,5,0.5685398519322504,0,0
74,2,14,0.3310012129712581,0,0
66,1,6,0.5917921163523074,0,0
10,0,12,0.5275995846505221,0,0
51,0,2,0.5943983180071685,0,0
68,2,9,0.23467702172621235,0,0
22,2,10,0.7848426248715394,0,0
21,1,6,0.7679196408858314,1,0
59,1,4,0.6814120113506834,0,0
65,3,11,0.7140781851580308,1,0
24,0,4,0.1764915537835774,1,0
75,3,9,0.07412089958129052,0,0
23,0,5,0.2673118115991185,0,0
73,3,3,0.24368967219048038,1,0
70,1,10,0.6881153282955265,1,0
6,1,2,0.4230751549473238,1,0
58,0,8,0.6037704288788923,0,0
38,1,16,0.5479832865567968,0,0
50,3,18,0.3597900119456097,1,0
35,2,4,0.6719157841120492,1,0
62,1,16,0.4559743837357166,1,0
25,1,8,0.6865352070542978,0,0
9,0,15,0.6019354717332199,1,0
78,2,2,0.18440508553161195,0,0
13,2,15,0.29891320486914663,0,0
15,0,17,0.3261541283781852,0,0
61,1,19,0.7790835562422006,1,0
14,2,5,0.15641829011668062,1,0
19,0,2,0.4895778980884351,0,0
6,0,19,0.5449432533599403,1,0
42,1,15,0.5761077136331719,0,0
39,1,11,0.05289311475937862,1,0
6,3,19,0.26474667267183033,0,0
48,2,18,0.3788778335066288,1,0
45,2,17,0.5013678906874262,1,0
37,2,14,0.7224299226293508,0,0
39,2,9,0.38408379733581494,0,0
9,3,11,0.1535140764906222,0,0
15,0,2,0.6230837181043987,0,0
32,3,8,0.2803033676156283,1,0
67,2,13,0.250960470994797,1,0
26,2,15,0.6644075078954385,1,0
66,1,12,0.6876252849019162,0,0
47,3,8,0.21985690728307694,1,0
65,2,5,0.5679912751032933,1,0
66,1,2,0.6831907000965173,0,0
19,0,19,0.09309289840189376,1,0
9,0,19,0.09327069128053202,1,0
60,1,9,0.13724542362719133,1,0
19,1,8,0.5601841815462298,1,0
45,2,15,0.11275682191893342,0,0
45,2,19,0.196247591131955,0,0
33,0,14,0.4822779796416744,0,0
69,0,10,0.12787841257771315,0,0
36,3,15,0.5133603836745506,1,0
29,0,19,0.3910937757905559,0,0
26,1,15,0.08060384898499552,0,0
75,2,12,0.22812269108849365,1,0
50,1,14,0.19877236125568182,0,0
8,0,19,0.11732416543186615,0,0
37,0,19,0.13922714539325537,0,0
45,3,7,0.30310791062177883,0,0
66,3,18,0.4427679577695346,1,0
25,1,18,0.7656641609716137,1,0
23,3,14,0.19563859883314677,1,0
8,3,12,0.18849123351315938,1,0
32,1,15,0.48352633569896947,1,0
78,3,4,0.07594773917363377,1,0
31,1,12,0.4784544817179828,0,0
34,3,11,0.49643689211911296,1,0
55,3,18,0.35304754390924703,0,0
65,1,14,0.7612805714542881,0,0
63,0,8,0.16313430607919427,1,0
17,2,2,0.39285944138434076,0,0
19,0,5,0.21517193480060115,1,0
14,2,14,0.453531568004978,1,0
41,2,3,0.5011293051454228,0,0
5,2,17,0.4625214546831988,1,0
49,0,14,0.607895442250469,1,0
50,2,4,0.604174047071553,0,0
24,1,9,0.26029606548788137,1,0
10,3,9,0.07291079433749965,0,0
23,0,12,0.4343585360523957,0,0
45,1,10,0.5523037450684601,0,0
20,1,14,0.6699777145402308,1,0
57,3,8,0.6560189980401274,0,0
48,0,19,0.3860268587385575,0,0
50,0,17,0.3714313253523622,1,0
13,2,17,0.7159953693471616,0,0
79,0,8,0.25523708337779355,1,0
60,1,6,0.3110523625337906,0,0
5,0,19,0.16914648286359352,1,0
28,0,8,0.6391811699819968,1,0
31,0,7,0.5344113437930899,1,0
41,2,19,0.16748681557563477,1,0
75,2,12,0.21661954045055293,0,0
27,0,11,0.11749382340727103,1,0
42,1,18,0.05617094143715644,1,0
39,3,15,0.39738877780336984,0,0
16,3,17,0.6264982722984942,0,0
77,3,3,0.11917983861538399,1,0
15,1,14,0.6592788518954502,1,0
61,3,13,0.40900382865338425,1,0
32,1,3,0.05535001823912346,0,0
59,1,5,0.2701169910821615,0,0
71,0,10,0.7155580566009705,1,0
47,0,6,0.466006027013992,1,0
5,1,10,0.4363960234185507,1,0
22,1,8,0.36224338650721294,0,0
71,1,13,0.507362338413678,1,0
39,1,14,0.6428454396365596,1,0
46,0,6,0.21571385097189877,0,0
53,2,7,0.668507904174569,1,0
57,1,13,0.4730959086640492,0,0
21,1,4,0.3414954348568858,1,0
34,2,2,0.5536141309015511,0,0
16,0,16,0.34166374064556304,0,0
17,0,8,0.2974373070989641,1,0
62,2,6,0.29114854476626206,1,0
62,0,5,0.6400390167965535,0,0
58,1,4,0.7952038104709869,0,0
42,3,2,0.6300674178073707,0,0
38,0,6,0.4017421980185378,0,0
46,1,13,0.18508018340723464,1,0
9,0,7,0.22563676944304173,1,0
34,1,2,0.4762665791849981,0,0
77,2,17,0.1084522535847433,0,0
58,2,14,0.6762808512819235,0,0
57,1,10,0.5412592580083849,0,0
49,0,4,0.3524464257185574,0,0
76,3,5,0.7175381400087474,1,0
64,1,9,0.7105548216280279,0,0
6,1,4,0.5522531480733601,0,0
31,3,8,0.46055780155698606,0,0
20,3,15,0.1425318505605449,1,0
21,0,11,0.7538878604055372,1,0
64,1,13,0.14884305163611433,0,0
36,0,12,0.2475935324830394,1,0
40,1,12,0.7591940681901008,0,0
62,2,13,0.24063739614218616,1,0
32,3,8,0.6287489319115191,0,0
7,2,3,0.0803332997983431,0,0
51,2,2,0.6262140940879739,1,0
22,1,8,0.07004148446815338,1,0
29,1,8,0.7439854735431857,0,0
65,0,14,0.33172160628587954,1,0
55,2,4,0.4691929050707851,1,0
18,3,4,0.10764750483442832,1,0
55,2,5,0.15253182246762115,1,0
56,2,3,0.2031634750816399,1,0
40,0,14,0.14150261817375404,1,0
22,2,18,0.33462165092628254,1,0
63,0,6,0.4473754005471498,0,0
5,0,19,0.6350980099064047,1,0
69,0,7,0.10261173463268884,1,0
46,0,4,0.4835828248332023,1,0
72,2,14,0.7144482293343328,0,0
15,0,12,0.7077611891279891,1,0
69,1,2,0.23719182936971384,0,0
74,0,4,0.2548564896185619,1,0
21,1,9,0.1461846129948452,1,0
10,3,15,0.2303841407485821,0,0
44,0,3,0.33128718892834563,0,0
56,0,19,0.7723441711008665,1,0
62,1,11,0.2792502208532212,0,0
1341,27,57,6.205577376465907,1,1
447,22,74,1.5937456544331576,1,1
931,14,133,5.455828983712729,1,1
301,25,187,1.6169932113309948,1,1
307,8,119,2.0767960246921016,1,1
567,12,107,5.0138339108583825,1,1
1308,22,132,5.848146163126244,1,1
772,14,59,7.6216356017583635,1,1
1261,25,151,1.9078242297591295,1,1
1362,8,143,2.8755165293448806,1,1
1171,20,173,3.6104602031385626,1,1
430,9,71,4.783669819881685,1,1
866,22,124,6.690976780876717,1,1
747,12,142,1.500801091148845,1,1
1430,5,122,7.686226850414987,1,1
386,16,137,4.512139933504468,1,1
912,24,55,5.850017970817701,1,1
745,17,120,5.567965493128138,1,1
578,8,111,7.849116637595918,1,1
1140,20,113,7.157521736811506,1,1
501,23,123,5.474867142163713,1,1
566,20,185,4.282136256496629,1,1
1316,20,104,4.623804702275667,1,1
1006,19,189,4.147635874111344,1,1
466,22,121,5.724747217611571,1,1
1162,19,173,6.012540419275529,1,1
765,25,50,7.265072321910961,1,1
895,16,152,4.558252152150997,1,1
1430,25,133,5.583242385322936,1,1
1259,22,174,4.977700883873797,1,1
769,16,99,1.7327212518563475,1,1
1441,28,65,7.165796557651165,1,1
928,13,79,2.1510641774983346,1,1
592,25,130,7.526495950528588,1,1
536,18,186,4.871598212119841,1,1
1455,26,84,7.136785543540006,1,1
1275,28,61,7.009981535889918,1,1
384,28,121,3.2433827432951725,1,1
1441,8,178,2.8225065952282793,1,1
752,9,139,2.7733736383429237,1,1
351,17,106,7.910392633717406,1,1
1031,13,104,2.9494205126878423,1,1
982,8,170,1.8667268246195556,1,1
527,5,190,3.1847703926680886,1,1
1301,22,111,2.299127674579438,1,1
929,22,165,4.245663964397689,1,1
1345,12,144,2.841823917369473,1,1
955,22,70,2.783480749759601,1,1
541,26,107,4.434047289199956,1,1
645,23,81,4.901592859381442,1,1
655,19,116,4.941711140960766,1,1
1447,6,186,5.389882315450686,1,1
1093,24,191,7.12630566285574,1,1
430,25,63,5.590943682218421,1,1
1412,17,105,1.9479069341018054,1,1
761,6,183,5.103756208305088,1,1
443,5,197,1.988968300894369,1,1
1348,11,137,2.1031574633411543,1,1
1016,21,162,3.177215872394393,1,1
527,17,115,1.739670754649894,1,1
853,7,116,4.4892781166682365,1,1
559,21,54,5.383120325216289,1,1
452,18,100,7.3052080879143535,1,1
791,12,93,6.033522151926295,1,1
1347,8,104,5.864205897112035,1,1
712,16,162,6.134314083480903,1,1
340,20,107,5.708013367100472,1,1
584,27,106,7.679212072574201,1,1
844,19,63,7.969982834596898,1,1
1048,25,178,4.800252815425249,1,1
1472,19,191,5.790366802631917,1,1
327,24,158,2.9614026976768115,1,1
690,21,74,6.253472473669185,1,1
1263,10,65,5.0588550983496425,1,1
398,11,142,4.376508418169167,1,1
1153,12,159,4.531915218267294,1,1
313,13,189,3.431277392311304,1,1
369,19,131,6.554583808000386,1,1
840,17,127,6.571475339631179,1,1
1464,26,120,2.5339626699918907,1,1
511,21,162,4.695195703696799,1,1
379,10,87,5.1417523169850625,1,1
1476,18,98,7.106124306151093,1,1
393,23,178,1.5412106392492362,1,1
1225,25,134,2.8388421647489084,1,1
966,9,198,6.913866830934773,1,1
707,23,179,7.278675812927389,1,1
1299,14,167,3.436609516783455,1,1
1003,10,125,4.617628676676699,1,1
408,8,88,6.125117072428953,1,1
661,29,110,2.712331272777379,1,1
491,14,169,3.445651791711353,1,1
333,15,178,6.719067443636103,1,1
717,23,130,2.901759846744496,1,1
924,24,52,5.123400728626459,1,1
513,27,70,4.069343037743154,1,1
976,15,108,7.531222271588208,1,1
1323,17,170,7.1383950712038295,1,1
1171,26,74,7.827751866845915,1,1
867,12,195,2.92048819347173,1,1
520,8,93,3.5775412587753403,1,1
401,27,160,5.529309178388206,1,1
1031,18,196,1.9517529434581422,1,1
812,25,88,2.616060008500634,1,1
348,13,70,7.127431833377266,1,1
391,21,91,2.8596672667273757,1,1
745,20,190,5.682148940101635,1,1
690,22,92,5.643809994215791,1,1
1499,20,148,6.355241568850972,1,1
399,26,130,5.307574864542655,1,1
1092,5,110,5.336443384763406,1,1
537,11,188,2.879316705875605,1,1
1438,24,74,7.396472270208242,1,1
333,11,169,4.703106494372914,1,1
959,8,173,6.51264325872809,1,1
542,8,63,1.7185691409187656,1,1
531,18,57,4.4360695050575,1,1
651,5,172,1.5862079635846393,1,1
504,23,116,4.816017528743673,1,1
1054,19,122,6.631730197218096,1,1
1327,23,77,7.933533489233613,1,1
1389,29,140,2.5225605060724305,1,1
352,8,163,3.7908095023650716,1,1
752,20,98,6.215436685422582,1,1
1244,9,74,7.1515547426492585,1,1
641,11,152,7.5313261504432445,1,1
1489,22,118,7.845896689587306,1,1
868,18,174,4.783531795657623,1,1
813,21,167,5.18882884891323,1,1
919,8,191,6.275887453639092,1,1
1015,28,120,4.6693220653528655,1,1
1097,18,171,4.840139022244452,1,1
364,5,81,1.921920350018679,1,1
502,28,95,2.69422662959059,1,1
1048,25,120,6.995824171270112,1,1
1434,21,112,5.128388815196403,1,1
1120,22,107,5.3282687378931435,1,1
545,5,137,2.6838254765221934,1,1
1367,24,79,6.289754803968966,1,1
1282,16,176,7.5159584667125445,1,1
834,19,94,4.709775094460165,1,1
1053,26,86,2.622710605278286,1,1
871,21,96,4.863156134779567,1,1
467,26,60,6.67884956370154,1,1
1352,9,154,5.503943693390422,1,1
1106,15,104,6.480179457690893,1,1
1175,25,76,4.790771964607241,1,1
582,20,177,6.7723845818591855,1,1
744,27,63,6.579834838647546,1,1
945,10,150,3.0755335083326516,1,1
911,24,126,6.425578701188532,1,1
1337,8,83,5.178589716992508,1,1
1199,21,128,2.8241081644303785,1,1
1403,18,171,1.8355384765088598,1,1
1053,12,103,6.284869721709676,1,1
1183,10,149,3.7675025691643134,1,1
422,24,135,7.207358560831388,1,1
988,10,124,4.240370878562382,1,1
1317,9,128,4.191947853412723,1,1
512,24,134,6.937710793585463,1,1
902,5,154,1.61979173873255,1,1
465,11,182,5.6470624773188245,1,1
1453,9,180,3.24583530819511,1,1
1247,17,101,7.1458275166747525,1,1
1373,29,197,6.778733668633877,1,1
963,5,149,3.7485595521664665,1,1
659,11,98,6.794833394571341,1,1
1276,13,158,1.9376338597953984,1,1
304,12,188,7.040320307739754,1,1
1484,14,120,4.969445216539057,1,1
490,23,55,5.205326031581556,1,1
1233,7,69,4.534864174699708,1,1
993,18,80,7.208389037589036,1,1
991,5,153,5.2804013419167655,1,1
428,12,112,7.401184530365086,1,1
1413,13,79,7.316975704797656,1,1
947,6,126,6.383842877981142,1,1
1111,12,146,4.7433980927221935,1,1
469,6,158,7.72831498891804,1,1
1252,9,191,7.577017576018189,1,1
538,25,91,5.210898655996174,1,1
1338,12,196,1.9110171987810736,1,1
500,25,183,5.2921447510730495,1,1
984,27,88,3.6925010195832417,1,1
681,20,88,7.746925766775833,1,1
1235,8,76,5.299575008288313,1,1
564,23,167,4.515891998211962,1,1
1406,7,132,4.445142893726118,1,1
985,10,110,4.36264568454604,1,1
614,7,182,6.25478401297436,1,1
522,27,141,5.4795537240468155,1,1
855,22,129,6.9550363957027255,1,1
1388,16,115,6.608091252793424,1,1
831,17,184,3.1501317542488305,1,1
894,20,181,2.5822559621003944,1,1
512,12,89,7.70269132277292,1,1
974,5,157,1.612353761877185,1,1
1330,29,144,5.130623746145167,1,1
1350,8,117,4.607138384096459,1,1
665,17,74,3.1355251930163894,1,1
